country,name,code,year,statistic,value,units
Scotland,Aberdeen City,S12000033,2005,Emissions per Capita,8.984879409850256,tonnes
Scotland,Aberdeen City,S12000033,2005,Emissions per Km2,9.119857141183681,kilotonnes
Scotland,Aberdeen City,S12000033,2006,Emissions per Capita,8.914484949983605,tonnes
Scotland,Aberdeen City,S12000033,2006,Emissions per Km2,9.088728209479036,kilotonnes
Scotland,Aberdeen City,S12000033,2007,Emissions per Capita,8.527740786466037,tonnes
Scotland,Aberdeen City,S12000033,2007,Emissions per Km2,8.812219608983863,kilotonnes
Scotland,Aberdeen City,S12000033,2008,Emissions per Capita,8.391710367806388,tonnes
Scotland,Aberdeen City,S12000033,2008,Emissions per Km2,8.735323428976008,kilotonnes
Scotland,Aberdeen City,S12000033,2009,Emissions per Capita,7.490898509709824,tonnes
Scotland,Aberdeen City,S12000033,2009,Emissions per Km2,7.906928577675469,kilotonnes
Scotland,Aberdeen City,S12000033,2010,Emissions per Capita,7.710795590919065,tonnes
Scotland,Aberdeen City,S12000033,2010,Emissions per Km2,8.240673163023018,kilotonnes
Scotland,Aberdeen City,S12000033,2011,Emissions per Capita,7.112313776912621,tonnes
Scotland,Aberdeen City,S12000033,2011,Emissions per Km2,7.695502522659057,kilotonnes
Scotland,Aberdeen City,S12000033,2012,Emissions per Capita,7.372465522697961,tonnes
Scotland,Aberdeen City,S12000033,2012,Emissions per Km2,8.0648382121611,kilotonnes
Scotland,Aberdeen City,S12000033,2013,Emissions per Capita,6.962467790063232,tonnes
Scotland,Aberdeen City,S12000033,2013,Emissions per Km2,7.689482318884449,kilotonnes
Scotland,Aberdeen City,S12000033,2014,Emissions per Capita,6.2461882458225455,tonnes
Scotland,Aberdeen City,S12000033,2014,Emissions per Km2,6.954612705433756,kilotonnes
Scotland,Aberdeen City,S12000033,2015,Emissions per Capita,5.99569930691582,tonnes
Scotland,Aberdeen City,S12000033,2015,Emissions per Km2,6.717415382821314,kilotonnes
Scotland,Aberdeen City,S12000033,2016,Emissions per Capita,5.611682858669241,tonnes
Scotland,Aberdeen City,S12000033,2016,Emissions per Km2,6.273254051586925,kilotonnes
Scotland,Aberdeen City,S12000033,2017,Emissions per Capita,5.406402745960569,tonnes
Scotland,Aberdeen City,S12000033,2017,Emissions per Km2,6.016425714602868,kilotonnes
Scotland,Aberdeen City,S12000033,2018,Emissions per Capita,5.318914672885687,tonnes
Scotland,Aberdeen City,S12000033,2018,Emissions per Km2,5.886987207580243,kilotonnes
Scotland,Aberdeenshire,S12000034,2005,Emissions per Capita,9.23850289257058,tonnes
Scotland,Aberdeenshire,S12000034,2005,Emissions per Km2,0.3462826767632833,kilotonnes
Scotland,Aberdeenshire,S12000034,2006,Emissions per Capita,9.764800585136403,tonnes
Scotland,Aberdeenshire,S12000034,2006,Emissions per Km2,0.37157136562069965,kilotonnes
Scotland,Aberdeenshire,S12000034,2007,Emissions per Capita,9.608309420131578,tonnes
Scotland,Aberdeenshire,S12000034,2007,Emissions per Km2,0.3704827408258319,kilotonnes
Scotland,Aberdeenshire,S12000034,2008,Emissions per Capita,9.022094251213161,tonnes
Scotland,Aberdeenshire,S12000034,2008,Emissions per Km2,0.35136659224053834,kilotonnes
Scotland,Aberdeenshire,S12000034,2009,Emissions per Capita,7.94405931516826,tonnes
Scotland,Aberdeenshire,S12000034,2009,Emissions per Km2,0.31211473777062504,kilotonnes
Scotland,Aberdeenshire,S12000034,2010,Emissions per Capita,8.047027883598311,tonnes
Scotland,Aberdeenshire,S12000034,2010,Emissions per Km2,0.31922005693099603,kilotonnes
Scotland,Aberdeenshire,S12000034,2011,Emissions per Capita,7.044121356576409,tonnes
Scotland,Aberdeenshire,S12000034,2011,Emissions per Km2,0.2819027193075059,kilotonnes
Scotland,Aberdeenshire,S12000034,2012,Emissions per Capita,7.348160637322625,tonnes
Scotland,Aberdeenshire,S12000034,2012,Emissions per Km2,0.29628460797167955,kilotonnes
Scotland,Aberdeenshire,S12000034,2013,Emissions per Capita,7.149601898284681,tonnes
Scotland,Aberdeenshire,S12000034,2013,Emissions per Km2,0.29077147594276165,kilotonnes
Scotland,Aberdeenshire,S12000034,2014,Emissions per Capita,6.678464914126944,tonnes
Scotland,Aberdeenshire,S12000034,2014,Emissions per Km2,0.2745187150035814,kilotonnes
Scotland,Aberdeenshire,S12000034,2015,Emissions per Capita,6.234678571153702,tonnes
Scotland,Aberdeenshire,S12000034,2015,Emissions per Km2,0.2576835050794995,kilotonnes
Scotland,Aberdeenshire,S12000034,2016,Emissions per Capita,5.941330400779837,tonnes
Scotland,Aberdeenshire,S12000034,2016,Emissions per Km2,0.2457748258892982,kilotonnes
Scotland,Aberdeenshire,S12000034,2017,Emissions per Capita,5.869338787871021,tonnes
Scotland,Aberdeenshire,S12000034,2017,Emissions per Km2,0.24243559801950912,kilotonnes
Scotland,Aberdeenshire,S12000034,2018,Emissions per Capita,5.55665334526678,tonnes
Scotland,Aberdeenshire,S12000034,2018,Emissions per Km2,0.22923067855189927,kilotonnes
Scotland,Angus,S12000041,2005,Emissions per Capita,8.745416204196003,tonnes
Scotland,Angus,S12000041,2005,Emissions per Km2,0.44181579075678423,kilotonnes
Scotland,Angus,S12000041,2006,Emissions per Capita,8.702773602664815,tonnes
Scotland,Angus,S12000041,2006,Emissions per Km2,0.4442421293357788,kilotonnes
Scotland,Angus,S12000041,2007,Emissions per Capita,8.593768223440607,tonnes
Scotland,Angus,S12000041,2007,Emissions per Km2,0.44273316927640327,kilotonnes
Scotland,Angus,S12000041,2008,Emissions per Capita,8.296859330880855,tonnes
Scotland,Angus,S12000041,2008,Emissions per Km2,0.4310134434817103,kilotonnes
Scotland,Angus,S12000041,2009,Emissions per Capita,7.601058839076737,tonnes
Scotland,Angus,S12000041,2009,Emissions per Km2,0.39603994644892954,kilotonnes
Scotland,Angus,S12000041,2010,Emissions per Capita,7.800663638683989,tonnes
Scotland,Angus,S12000041,2010,Emissions per Km2,0.40849291333068416,kilotonnes
Scotland,Angus,S12000041,2011,Emissions per Capita,7.0514061706106546,tonnes
Scotland,Angus,S12000041,2011,Emissions per Km2,0.37178459724763274,kilotonnes
Scotland,Angus,S12000041,2012,Emissions per Capita,7.395855254437987,tonnes
Scotland,Angus,S12000041,2012,Emissions per Km2,0.3900127527395081,kilotonnes
Scotland,Angus,S12000041,2013,Emissions per Capita,7.104583163585363,tonnes
Scotland,Angus,S12000041,2013,Emissions per Km2,0.37487847689022885,kilotonnes
Scotland,Angus,S12000041,2014,Emissions per Capita,6.530184796407282,tonnes
Scotland,Angus,S12000041,2014,Emissions per Km2,0.34590329127287195,kilotonnes
Scotland,Angus,S12000041,2015,Emissions per Capita,6.199031747577078,tonnes
Scotland,Angus,S12000041,2015,Emissions per Km2,0.3288121869138829,kilotonnes
Scotland,Angus,S12000041,2016,Emissions per Capita,5.862719206909948,tonnes
Scotland,Angus,S12000041,2016,Emissions per Km2,0.3099624636865945,kilotonnes
Scotland,Angus,S12000041,2017,Emissions per Capita,5.684421206788281,tonnes
Scotland,Angus,S12000041,2017,Emissions per Km2,0.2999168098944476,kilotonnes
Scotland,Angus,S12000041,2018,Emissions per Capita,5.567114815503495,tonnes
Scotland,Angus,S12000041,2018,Emissions per Km2,0.29312133656910416,kilotonnes
Scotland,Argyll and Bute,S12000035,2005,Emissions per Capita,3.345273040705856,tonnes
Scotland,Argyll and Bute,S12000035,2005,Emissions per Km2,0.04218257989048468,kilotonnes
Scotland,Argyll and Bute,S12000035,2006,Emissions per Capita,2.8373710655599242,tonnes
Scotland,Argyll and Bute,S12000035,2006,Emissions per Km2,0.03598405268142292,kilotonnes
Scotland,Argyll and Bute,S12000035,2007,Emissions per Capita,2.9114730314359587,tonnes
Scotland,Argyll and Bute,S12000035,2007,Emissions per Km2,0.03689132025996455,kilotonnes
Scotland,Argyll and Bute,S12000035,2008,Emissions per Capita,2.174382165962681,tonnes
Scotland,Argyll and Bute,S12000035,2008,Emissions per Km2,0.02728458077265905,kilotonnes
Scotland,Argyll and Bute,S12000035,2009,Emissions per Capita,1.5620967430585628,tonnes
Scotland,Argyll and Bute,S12000035,2009,Emissions per Km2,0.019501215521022547,kilotonnes
Scotland,Argyll and Bute,S12000035,2010,Emissions per Capita,2.0869080936221436,tonnes
Scotland,Argyll and Bute,S12000035,2010,Emissions per Km2,0.025811216836441976,kilotonnes
Scotland,Argyll and Bute,S12000035,2011,Emissions per Capita,1.1862252067507106,tonnes
Scotland,Argyll and Bute,S12000035,2011,Emissions per Km2,0.014722747060044644,kilotonnes
Scotland,Argyll and Bute,S12000035,2012,Emissions per Capita,2.223411908957008,tonnes
Scotland,Argyll and Bute,S12000035,2012,Emissions per Km2,0.02696889097594573,kilotonnes
Scotland,Argyll and Bute,S12000035,2013,Emissions per Capita,1.9370462500133452,tonnes
Scotland,Argyll and Bute,S12000035,2013,Emissions per Km2,0.023803606419424167,kilotonnes
Scotland,Argyll and Bute,S12000035,2014,Emissions per Capita,1.49367534863526,tonnes
Scotland,Argyll and Bute,S12000035,2014,Emissions per Km2,0.018271808889414667,kilotonnes
Scotland,Argyll and Bute,S12000035,2015,Emissions per Capita,1.3400022022447937,tonnes
Scotland,Argyll and Bute,S12000035,2015,Emissions per Km2,0.016249826169973756,kilotonnes
Scotland,Argyll and Bute,S12000035,2016,Emissions per Capita,1.0823060198234025,tonnes
Scotland,Argyll and Bute,S12000035,2016,Emissions per Km2,0.01316106997679164,kilotonnes
Scotland,Argyll and Bute,S12000035,2017,Emissions per Capita,0.7338802956835612,tonnes
Scotland,Argyll and Bute,S12000035,2017,Emissions per Km2,0.008891364075275786,kilotonnes
Scotland,Argyll and Bute,S12000035,2018,Emissions per Capita,0.6670595751630302,tonnes
Scotland,Argyll and Bute,S12000035,2018,Emissions per Km2,0.008030590608133109,kilotonnes
Scotland,City of Edinburgh,S12000036,2005,Emissions per Capita,7.691771177242038,tonnes
Scotland,City of Edinburgh,S12000036,2005,Emissions per Km2,12.663893238116577,kilotonnes
Scotland,City of Edinburgh,S12000036,2006,Emissions per Capita,7.721572119809077,tonnes
Scotland,City of Edinburgh,S12000036,2006,Emissions per Km2,12.785930084181423,kilotonnes
Scotland,City of Edinburgh,S12000036,2007,Emissions per Capita,7.605269581324335,tonnes
Scotland,City of Edinburgh,S12000036,2007,Emissions per Km2,12.704221654630176,kilotonnes
Scotland,City of Edinburgh,S12000036,2008,Emissions per Capita,7.4799455992604225,tonnes
Scotland,City of Edinburgh,S12000036,2008,Emissions per Km2,12.562822842617832,kilotonnes
Scotland,City of Edinburgh,S12000036,2009,Emissions per Capita,6.757456718674825,tonnes
Scotland,City of Edinburgh,S12000036,2009,Emissions per Km2,11.46620859216842,kilotonnes
Scotland,City of Edinburgh,S12000036,2010,Emissions per Capita,6.887362000356161,tonnes
Scotland,City of Edinburgh,S12000036,2010,Emissions per Km2,11.855662707317705,kilotonnes
Scotland,City of Edinburgh,S12000036,2011,Emissions per Capita,6.168172848669574,tonnes
Scotland,City of Edinburgh,S12000036,2011,Emissions per Km2,10.79842526763548,kilotonnes
Scotland,City of Edinburgh,S12000036,2012,Emissions per Capita,6.450500096167696,tonnes
Scotland,City of Edinburgh,S12000036,2012,Emissions per Km2,11.403501195451547,kilotonnes
Scotland,City of Edinburgh,S12000036,2013,Emissions per Capita,6.198045044415585,tonnes
Scotland,City of Edinburgh,S12000036,2013,Emissions per Km2,11.066855127742743,kilotonnes
Scotland,City of Edinburgh,S12000036,2014,Emissions per Capita,5.2453667377003965,tonnes
Scotland,City of Edinburgh,S12000036,2014,Emissions per Km2,9.464759744291916,kilotonnes
Scotland,City of Edinburgh,S12000036,2015,Emissions per Capita,5.002684147641974,tonnes
Scotland,City of Edinburgh,S12000036,2015,Emissions per Km2,9.140474636059915,kilotonnes
Scotland,City of Edinburgh,S12000036,2016,Emissions per Capita,4.709491074572413,tonnes
Scotland,City of Edinburgh,S12000036,2016,Emissions per Km2,8.748992555395247,kilotonnes
Scotland,City of Edinburgh,S12000036,2017,Emissions per Capita,4.451606897011431,tonnes
Scotland,City of Edinburgh,S12000036,2017,Emissions per Km2,8.368399968847505,kilotonnes
Scotland,City of Edinburgh,S12000036,2018,Emissions per Capita,4.368964578140273,tonnes
Scotland,City of Edinburgh,S12000036,2018,Emissions per Km2,8.297701295421835,kilotonnes
Scotland,Clackmannanshire,S12000005,2005,Emissions per Capita,12.26103962203753,tonnes
Scotland,Clackmannanshire,S12000005,2005,Emissions per Km2,3.6772811109052332,kilotonnes
Scotland,Clackmannanshire,S12000005,2006,Emissions per Capita,12.255479340164637,tonnes
Scotland,Clackmannanshire,S12000005,2006,Emissions per Km2,3.704025477673808,kilotonnes
Scotland,Clackmannanshire,S12000005,2007,Emissions per Capita,13.321746815860935,tonnes
Scotland,Clackmannanshire,S12000005,2007,Emissions per Km2,4.112437902165929,kilotonnes
Scotland,Clackmannanshire,S12000005,2008,Emissions per Capita,13.395473717309343,tonnes
Scotland,Clackmannanshire,S12000005,2008,Emissions per Km2,4.1834142072608556,kilotonnes
Scotland,Clackmannanshire,S12000005,2009,Emissions per Capita,11.11101660453374,tonnes
Scotland,Clackmannanshire,S12000005,2009,Emissions per Km2,3.476755549277696,kilotonnes
Scotland,Clackmannanshire,S12000005,2010,Emissions per Capita,13.154028741223485,tonnes
Scotland,Clackmannanshire,S12000005,2010,Emissions per Km2,4.1192458376415315,kilotonnes
Scotland,Clackmannanshire,S12000005,2011,Emissions per Capita,12.121893059482,tonnes
Scotland,Clackmannanshire,S12000005,2011,Emissions per Km2,3.808599781611194,kilotonnes
Scotland,Clackmannanshire,S12000005,2012,Emissions per Capita,11.663011824413474,tonnes
Scotland,Clackmannanshire,S12000005,2012,Emissions per Km2,3.6487691999024037,kilotonnes
Scotland,Clackmannanshire,S12000005,2013,Emissions per Capita,11.481661478640632,tonnes
Scotland,Clackmannanshire,S12000005,2013,Emissions per Km2,3.592033807191707,kilotonnes
Scotland,Clackmannanshire,S12000005,2014,Emissions per Capita,10.125149790268317,tonnes
Scotland,Clackmannanshire,S12000005,2014,Emissions per Km2,3.16209014904184,kilotonnes
Scotland,Clackmannanshire,S12000005,2015,Emissions per Capita,9.816335672475578,tonnes
Scotland,Clackmannanshire,S12000005,2015,Emissions per Km2,3.0758282166126665,kilotonnes
Scotland,Clackmannanshire,S12000005,2016,Emissions per Capita,10.62693438445549,tonnes
Scotland,Clackmannanshire,S12000005,2016,Emissions per Km2,3.3291710377468795,kilotonnes
Scotland,Clackmannanshire,S12000005,2017,Emissions per Capita,10.174530794303458,tonnes
Scotland,Clackmannanshire,S12000005,2017,Emissions per Km2,3.1936508198083198,kilotonnes
Scotland,Clackmannanshire,S12000005,2018,Emissions per Capita,10.296128045097007,tonnes
Scotland,Clackmannanshire,S12000005,2018,Emissions per Km2,3.2286778534291227,kilotonnes
Scotland,Dumfries and Galloway,S12000006,2005,Emissions per Capita,5.6211800481101175,tonnes
Scotland,Dumfries and Galloway,S12000006,2005,Emissions per Km2,0.12597383385750754,kilotonnes
Scotland,Dumfries and Galloway,S12000006,2006,Emissions per Capita,4.975212576938164,tonnes
Scotland,Dumfries and Galloway,S12000006,2006,Emissions per Km2,0.11161656890946116,kilotonnes
Scotland,Dumfries and Galloway,S12000006,2007,Emissions per Capita,5.53323764887449,tonnes
Scotland,Dumfries and Galloway,S12000006,2007,Emissions per Km2,0.12462458446742432,kilotonnes
Scotland,Dumfries and Galloway,S12000006,2008,Emissions per Capita,4.344523244679853,tonnes
Scotland,Dumfries and Galloway,S12000006,2008,Emissions per Km2,0.09826775469093825,kilotonnes
Scotland,Dumfries and Galloway,S12000006,2009,Emissions per Capita,3.6730892400390345,tonnes
Scotland,Dumfries and Galloway,S12000006,2009,Emissions per Km2,0.0831632711268539,kilotonnes
Scotland,Dumfries and Galloway,S12000006,2010,Emissions per Capita,4.682397535391638,tonnes
Scotland,Dumfries and Galloway,S12000006,2010,Emissions per Km2,0.10597317523059187,kilotonnes
Scotland,Dumfries and Galloway,S12000006,2011,Emissions per Capita,3.9029388871185065,tonnes
Scotland,Dumfries and Galloway,S12000006,2011,Emissions per Km2,0.0885134993559565,kilotonnes
Scotland,Dumfries and Galloway,S12000006,2012,Emissions per Capita,4.724378100457486,tonnes
Scotland,Dumfries and Galloway,S12000006,2012,Emissions per Km2,0.10673930524470444,kilotonnes
Scotland,Dumfries and Galloway,S12000006,2013,Emissions per Capita,4.705851358488571,tonnes
Scotland,Dumfries and Galloway,S12000006,2013,Emissions per Km2,0.1059260046794473,kilotonnes
Scotland,Dumfries and Galloway,S12000006,2014,Emissions per Capita,4.173113131045147,tonnes
Scotland,Dumfries and Galloway,S12000006,2014,Emissions per Km2,0.09373435394402997,kilotonnes
Scotland,Dumfries and Galloway,S12000006,2015,Emissions per Capita,4.055644515558878,tonnes
Scotland,Dumfries and Galloway,S12000006,2015,Emissions per Km2,0.09091966779871799,kilotonnes
Scotland,Dumfries and Galloway,S12000006,2016,Emissions per Capita,3.8744221839065704,tonnes
Scotland,Dumfries and Galloway,S12000006,2016,Emissions per Km2,0.08676996681083812,kilotonnes
Scotland,Dumfries and Galloway,S12000006,2017,Emissions per Capita,3.6521268366540656,tonnes
Scotland,Dumfries and Galloway,S12000006,2017,Emissions per Km2,0.0816164828222951,kilotonnes
Scotland,Dumfries and Galloway,S12000006,2018,Emissions per Capita,3.3958426766655334,tonnes
Scotland,Dumfries and Galloway,S12000006,2018,Emissions per Km2,0.07568058945170225,kilotonnes
Scotland,Dundee City,S12000042,2005,Emissions per Capita,7.392135987965636,tonnes
Scotland,Dundee City,S12000042,2005,Emissions per Km2,17.05956125906591,kilotonnes
Scotland,Dundee City,S12000042,2006,Emissions per Capita,7.405626502206649,tonnes
Scotland,Dundee City,S12000042,2006,Emissions per Km2,17.063320973990123,kilotonnes
Scotland,Dundee City,S12000042,2007,Emissions per Capita,7.31846122445771,tonnes
Scotland,Dundee City,S12000042,2007,Emissions per Km2,16.901296255686287,kilotonnes
Scotland,Dundee City,S12000042,2008,Emissions per Capita,7.072479023519268,tonnes
Scotland,Dundee City,S12000042,2008,Emissions per Km2,16.400284108389314,kilotonnes
Scotland,Dundee City,S12000042,2009,Emissions per Capita,6.379425052755071,tonnes
Scotland,Dundee City,S12000042,2009,Emissions per Km2,14.883390839332439,kilotonnes
Scotland,Dundee City,S12000042,2010,Emissions per Capita,6.496589083907452,tonnes
Scotland,Dundee City,S12000042,2010,Emissions per Km2,15.249660123546334,kilotonnes
Scotland,Dundee City,S12000042,2011,Emissions per Capita,5.896413455555893,tonnes
Scotland,Dundee City,S12000042,2011,Emissions per Km2,13.948875842649064,kilotonnes
Scotland,Dundee City,S12000042,2012,Emissions per Capita,6.088749106249548,tonnes
Scotland,Dundee City,S12000042,2012,Emissions per Km2,14.460629902409666,kilotonnes
Scotland,Dundee City,S12000042,2013,Emissions per Capita,5.861782990008111,tonnes
Scotland,Dundee City,S12000042,2013,Emissions per Km2,13.951736487006597,kilotonnes
Scotland,Dundee City,S12000042,2014,Emissions per Capita,5.190189142028584,tonnes
Scotland,Dundee City,S12000042,2014,Emissions per Km2,12.35576608321405,kilotonnes
Scotland,Dundee City,S12000042,2015,Emissions per Capita,5.004953245384145,tonnes
Scotland,Dundee City,S12000042,2015,Emissions per Km2,11.921228219722746,kilotonnes
Scotland,Dundee City,S12000042,2016,Emissions per Capita,4.7011063392811385,tonnes
Scotland,Dundee City,S12000042,2016,Emissions per Km2,11.202032613328257,kilotonnes
Scotland,Dundee City,S12000042,2017,Emissions per Capita,4.432990386523208,tonnes
Scotland,Dundee City,S12000042,2017,Emissions per Km2,10.594499217017704,kilotonnes
Scotland,Dundee City,S12000042,2018,Emissions per Capita,4.372272594517129,tonnes
Scotland,Dundee City,S12000042,2018,Emissions per Km2,10.452199133360914,kilotonnes
Scotland,East Ayrshire,S12000008,2005,Emissions per Capita,6.408287098575095,tonnes
Scotland,East Ayrshire,S12000008,2005,Emissions per Km2,0.6067568509432325,kilotonnes
Scotland,East Ayrshire,S12000008,2006,Emissions per Capita,6.177769894422769,tonnes
Scotland,East Ayrshire,S12000008,2006,Emissions per Km2,0.5857574772836562,kilotonnes
Scotland,East Ayrshire,S12000008,2007,Emissions per Capita,6.103943786155341,tonnes
Scotland,East Ayrshire,S12000008,2007,Emissions per Km2,0.5811599890576625,kilotonnes
Scotland,East Ayrshire,S12000008,2008,Emissions per Capita,5.714768863110348,tonnes
Scotland,East Ayrshire,S12000008,2008,Emissions per Km2,0.5469855293826659,kilotonnes
Scotland,East Ayrshire,S12000008,2009,Emissions per Capita,5.1159915036202985,tonnes
Scotland,East Ayrshire,S12000008,2009,Emissions per Km2,0.49176810129104187,kilotonnes
Scotland,East Ayrshire,S12000008,2010,Emissions per Capita,5.457388628682054,tonnes
Scotland,East Ayrshire,S12000008,2010,Emissions per Km2,0.5258732604681603,kilotonnes
Scotland,East Ayrshire,S12000008,2011,Emissions per Capita,4.864438723431256,tonnes
Scotland,East Ayrshire,S12000008,2011,Emissions per Km2,0.46980887036474733,kilotonnes
Scotland,East Ayrshire,S12000008,2012,Emissions per Capita,5.092963326080437,tonnes
Scotland,East Ayrshire,S12000008,2012,Emissions per Km2,0.49204020634272605,kilotonnes
Scotland,East Ayrshire,S12000008,2013,Emissions per Capita,4.95441883026391,tonnes
Scotland,East Ayrshire,S12000008,2013,Emissions per Km2,0.47748515725741136,kilotonnes
Scotland,East Ayrshire,S12000008,2014,Emissions per Capita,4.469853789319622,tonnes
Scotland,East Ayrshire,S12000008,2014,Emissions per Km2,0.4297293172363615,kilotonnes
Scotland,East Ayrshire,S12000008,2015,Emissions per Capita,4.280528563732099,tonnes
Scotland,East Ayrshire,S12000008,2015,Emissions per Km2,0.41129182169837536,kilotonnes
Scotland,East Ayrshire,S12000008,2016,Emissions per Capita,4.0556286173911325,tonnes
Scotland,East Ayrshire,S12000008,2016,Emissions per Km2,0.3901294124198483,kilotonnes
Scotland,East Ayrshire,S12000008,2017,Emissions per Capita,3.940234391343705,tonnes
Scotland,East Ayrshire,S12000008,2017,Emissions per Km2,0.3782226706337226,kilotonnes
Scotland,East Ayrshire,S12000008,2018,Emissions per Capita,3.865478084523832,tonnes
Scotland,East Ayrshire,S12000008,2018,Emissions per Km2,0.3707425344860915,kilotonnes
Scotland,East Dunbartonshire,S12000045,2005,Emissions per Capita,5.9788047924882894,tonnes
Scotland,East Dunbartonshire,S12000045,2005,Emissions per Km2,3.633423655333334,kilotonnes
Scotland,East Dunbartonshire,S12000045,2006,Emissions per Capita,6.023736411287432,tonnes
Scotland,East Dunbartonshire,S12000045,2006,Emissions per Km2,3.645194411497803,kilotonnes
Scotland,East Dunbartonshire,S12000045,2007,Emissions per Capita,6.061874505477741,tonnes
Scotland,East Dunbartonshire,S12000045,2007,Emissions per Km2,3.649513246109709,kilotonnes
Scotland,East Dunbartonshire,S12000045,2008,Emissions per Capita,5.78843973507302,tonnes
Scotland,East Dunbartonshire,S12000045,2008,Emissions per Km2,3.4812444669782217,kilotonnes
Scotland,East Dunbartonshire,S12000045,2009,Emissions per Capita,5.23365109734672,tonnes
Scotland,East Dunbartonshire,S12000045,2009,Emissions per Km2,3.1481871016368475,kilotonnes
Scotland,East Dunbartonshire,S12000045,2010,Emissions per Capita,5.486591166810885,tonnes
Scotland,East Dunbartonshire,S12000045,2010,Emissions per Km2,3.2990798573079005,kilotonnes
Scotland,East Dunbartonshire,S12000045,2011,Emissions per Capita,5.052315934698787,tonnes
Scotland,East Dunbartonshire,S12000045,2011,Emissions per Km2,3.040267140870614,kilotonnes
Scotland,East Dunbartonshire,S12000045,2012,Emissions per Capita,5.059487069404126,tonnes
Scotland,East Dunbartonshire,S12000045,2012,Emissions per Km2,3.0700989226169506,kilotonnes
Scotland,East Dunbartonshire,S12000045,2013,Emissions per Capita,4.937243222029872,tonnes
Scotland,East Dunbartonshire,S12000045,2013,Emissions per Km2,2.994789485982737,kilotonnes
Scotland,East Dunbartonshire,S12000045,2014,Emissions per Capita,4.476002643491677,tonnes
Scotland,East Dunbartonshire,S12000045,2014,Emissions per Km2,2.7373315342915423,kilotonnes
Scotland,East Dunbartonshire,S12000045,2015,Emissions per Capita,4.2654779326003975,tonnes
Scotland,East Dunbartonshire,S12000045,2015,Emissions per Km2,2.6146950218692218,kilotonnes
Scotland,East Dunbartonshire,S12000045,2016,Emissions per Capita,4.096272752928035,tonnes
Scotland,East Dunbartonshire,S12000045,2016,Emissions per Km2,2.5245899274446,kilotonnes
Scotland,East Dunbartonshire,S12000045,2017,Emissions per Capita,3.933271912921707,tonnes
Scotland,East Dunbartonshire,S12000045,2017,Emissions per Km2,2.4374298204713445,kilotonnes
Scotland,East Dunbartonshire,S12000045,2018,Emissions per Capita,3.8747556472904967,tonnes
Scotland,East Dunbartonshire,S12000045,2018,Emissions per Km2,2.4056088307628523,kilotonnes
Scotland,East Lothian,S12000010,2005,Emissions per Capita,15.255793587755488,tonnes
Scotland,East Lothian,S12000010,2005,Emissions per Km2,2.0182543280155967,kilotonnes
Scotland,East Lothian,S12000010,2006,Emissions per Capita,15.934535735175245,tonnes
Scotland,East Lothian,S12000010,2006,Emissions per Km2,2.1335092008175285,kilotonnes
Scotland,East Lothian,S12000010,2007,Emissions per Capita,15.148506785308758,tonnes
Scotland,East Lothian,S12000010,2007,Emissions per Km2,2.0652222508405593,kilotonnes
Scotland,East Lothian,S12000010,2008,Emissions per Capita,14.557394164356543,tonnes
Scotland,East Lothian,S12000010,2008,Emissions per Km2,2.0243026147985437,kilotonnes
Scotland,East Lothian,S12000010,2009,Emissions per Capita,11.62746384926416,tonnes
Scotland,East Lothian,S12000010,2009,Emissions per Km2,1.6313082424585452,kilotonnes
Scotland,East Lothian,S12000010,2010,Emissions per Capita,11.697807039368403,tonnes
Scotland,East Lothian,S12000010,2010,Emissions per Km2,1.654528286457267,kilotonnes
Scotland,East Lothian,S12000010,2011,Emissions per Capita,11.637522001801203,tonnes
Scotland,East Lothian,S12000010,2011,Emissions per Km2,1.6589518041342313,kilotonnes
Scotland,East Lothian,S12000010,2012,Emissions per Capita,11.57928534451823,tonnes
Scotland,East Lothian,S12000010,2012,Emissions per Km2,1.6661785866554812,kilotonnes
Scotland,East Lothian,S12000010,2013,Emissions per Capita,11.813410724464688,tonnes
Scotland,East Lothian,S12000010,2013,Emissions per Km2,1.708800078628252,kilotonnes
Scotland,East Lothian,S12000010,2014,Emissions per Capita,11.395752838369434,tonnes
Scotland,East Lothian,S12000010,2014,Emissions per Km2,1.6597667255960498,kilotonnes
Scotland,East Lothian,S12000010,2015,Emissions per Capita,9.96867394060866,tonnes
Scotland,East Lothian,S12000010,2015,Emissions per Km2,1.465568817039303,kilotonnes
Scotland,East Lothian,S12000010,2016,Emissions per Capita,10.741101851084485,tonnes
Scotland,East Lothian,S12000010,2016,Emissions per Km2,1.595066051812886,kilotonnes
Scotland,East Lothian,S12000010,2017,Emissions per Capita,11.143096405519268,tonnes
Scotland,East Lothian,S12000010,2017,Emissions per Km2,1.6666857751108988,kilotonnes
Scotland,East Lothian,S12000010,2018,Emissions per Capita,10.808999946728795,tonnes
Scotland,East Lothian,S12000010,2018,Emissions per Km2,1.6313643236912048,kilotonnes
Scotland,East Renfrewshire,S12000011,2005,Emissions per Capita,6.38829387572565,tonnes
Scotland,East Renfrewshire,S12000011,2005,Emissions per Km2,3.295159260429567,kilotonnes
Scotland,East Renfrewshire,S12000011,2006,Emissions per Capita,6.231322899159164,tonnes
Scotland,East Renfrewshire,S12000011,2006,Emissions per Km2,3.2095428118848828,kilotonnes
Scotland,East Renfrewshire,S12000011,2007,Emissions per Capita,5.954038485067338,tonnes
Scotland,East Renfrewshire,S12000011,2007,Emissions per Km2,3.0697982920952414,kilotonnes
Scotland,East Renfrewshire,S12000011,2008,Emissions per Capita,5.860753344603203,tonnes
Scotland,East Renfrewshire,S12000011,2008,Emissions per Km2,3.0227111301868264,kilotonnes
Scotland,East Renfrewshire,S12000011,2009,Emissions per Capita,5.628269829485535,tonnes
Scotland,East Renfrewshire,S12000011,2009,Emissions per Km2,2.906359669652472,kilotonnes
Scotland,East Renfrewshire,S12000011,2010,Emissions per Capita,5.7687725020601555,tonnes
Scotland,East Renfrewshire,S12000011,2010,Emissions per Km2,2.993149030047481,kilotonnes
Scotland,East Renfrewshire,S12000011,2011,Emissions per Capita,5.299346459585644,tonnes
Scotland,East Renfrewshire,S12000011,2011,Emissions per Km2,2.761750547318483,kilotonnes
Scotland,East Renfrewshire,S12000011,2012,Emissions per Capita,5.185638967593857,tonnes
Scotland,East Renfrewshire,S12000011,2012,Emissions per Km2,2.709336736172813,kilotonnes
Scotland,East Renfrewshire,S12000011,2013,Emissions per Capita,5.072917110072665,tonnes
Scotland,East Renfrewshire,S12000011,2013,Emissions per Km2,2.664708381286323,kilotonnes
Scotland,East Renfrewshire,S12000011,2014,Emissions per Capita,4.6018606438290055,tonnes
Scotland,East Renfrewshire,S12000011,2014,Emissions per Km2,2.4405116921210013,kilotonnes
Scotland,East Renfrewshire,S12000011,2015,Emissions per Capita,4.518406825309255,tonnes
Scotland,East Renfrewshire,S12000011,2015,Emissions per Km2,2.4099967594985485,kilotonnes
Scotland,East Renfrewshire,S12000011,2016,Emissions per Capita,4.3994666243987846,tonnes
Scotland,East Renfrewshire,S12000011,2016,Emissions per Km2,2.368523089218906,kilotonnes
Scotland,East Renfrewshire,S12000011,2017,Emissions per Capita,4.221106216525377,tonnes
Scotland,East Renfrewshire,S12000011,2017,Emissions per Km2,2.2955131869987864,kilotonnes
Scotland,East Renfrewshire,S12000011,2018,Emissions per Capita,4.207325870341484,tonnes
Scotland,East Renfrewshire,S12000011,2018,Emissions per Km2,2.2979188065411904,kilotonnes
Scotland,Falkirk,S12000014,2005,Emissions per Capita,24.156603732600903,tonnes
Scotland,Falkirk,S12000014,2005,Emissions per Km2,11.515545086106673,kilotonnes
Scotland,Falkirk,S12000014,2006,Emissions per Capita,22.53957496445862,tonnes
Scotland,Falkirk,S12000014,2006,Emissions per Km2,10.813407850800422,kilotonnes
Scotland,Falkirk,S12000014,2007,Emissions per Capita,21.507187385085487,tonnes
Scotland,Falkirk,S12000014,2007,Emissions per Km2,10.402115946687859,kilotonnes
Scotland,Falkirk,S12000014,2008,Emissions per Capita,19.93481570846338,tonnes
Scotland,Falkirk,S12000014,2008,Emissions per Km2,9.703025876733824,kilotonnes
Scotland,Falkirk,S12000014,2009,Emissions per Capita,20.93372604552669,tonnes
Scotland,Falkirk,S12000014,2009,Emissions per Km2,10.250385854412665,kilotonnes
Scotland,Falkirk,S12000014,2010,Emissions per Capita,18.934682563006834,tonnes
Scotland,Falkirk,S12000014,2010,Emissions per Km2,9.327450565992123,kilotonnes
Scotland,Falkirk,S12000014,2011,Emissions per Capita,19.10117436935755,tonnes
Scotland,Falkirk,S12000014,2011,Emissions per Km2,9.476789529256548,kilotonnes
Scotland,Falkirk,S12000014,2012,Emissions per Capita,18.042559598305854,tonnes
Scotland,Falkirk,S12000014,2012,Emissions per Km2,8.983081650616272,kilotonnes
Scotland,Falkirk,S12000014,2013,Emissions per Capita,18.04223729915524,tonnes
Scotland,Falkirk,S12000014,2013,Emissions per Km2,9.003545237122239,kilotonnes
Scotland,Falkirk,S12000014,2014,Emissions per Capita,14.647552920252169,tonnes
Scotland,Falkirk,S12000014,2014,Emissions per Km2,7.334159814673777,kilotonnes
Scotland,Falkirk,S12000014,2015,Emissions per Capita,14.430268313653611,tonnes
Scotland,Falkirk,S12000014,2015,Emissions per Km2,7.260644920218241,kilotonnes
Scotland,Falkirk,S12000014,2016,Emissions per Capita,14.152592674257402,tonnes
Scotland,Falkirk,S12000014,2016,Emissions per Km2,7.1622746402753155,kilotonnes
Scotland,Falkirk,S12000014,2017,Emissions per Capita,14.848093228637934,tonnes
Scotland,Falkirk,S12000014,2017,Emissions per Km2,7.549610215178104,kilotonnes
Scotland,Falkirk,S12000014,2018,Emissions per Capita,14.930479293245101,tonnes
Scotland,Falkirk,S12000014,2018,Emissions per Km2,7.601455703756255,kilotonnes
Scotland,Fife,S12000047,2005,Emissions per Capita,11.916519696016996,tonnes
Scotland,Fife,S12000047,2005,Emissions per Km2,3.077870512520454,kilotonnes
Scotland,Fife,S12000047,2006,Emissions per Capita,12.436495764611443,tonnes
Scotland,Fife,S12000047,2006,Emissions per Km2,3.2285298891794074,kilotonnes
Scotland,Fife,S12000047,2007,Emissions per Capita,12.462491446888887,tonnes
Scotland,Fife,S12000047,2007,Emissions per Km2,3.2487715566166586,kilotonnes
Scotland,Fife,S12000047,2008,Emissions per Capita,12.182204727784228,tonnes
Scotland,Fife,S12000047,2008,Emissions per Km2,3.1872130885062604,kilotonnes
Scotland,Fife,S12000047,2009,Emissions per Capita,10.555498823365822,tonnes
Scotland,Fife,S12000047,2009,Emissions per Km2,2.772051649758947,kilotonnes
Scotland,Fife,S12000047,2010,Emissions per Capita,11.85177361495568,tonnes
Scotland,Fife,S12000047,2010,Emissions per Km2,3.1228096683911755,kilotonnes
Scotland,Fife,S12000047,2011,Emissions per Capita,10.23264742201632,tonnes
Scotland,Fife,S12000047,2011,Emissions per Km2,2.716189547763339,kilotonnes
Scotland,Fife,S12000047,2012,Emissions per Capita,10.26996889713108,tonnes
Scotland,Fife,S12000047,2012,Emissions per Km2,2.7328872772193975,kilotonnes
Scotland,Fife,S12000047,2013,Emissions per Capita,9.17350167490519,tonnes
Scotland,Fife,S12000047,2013,Emissions per Km2,2.445711623250983,kilotonnes
Scotland,Fife,S12000047,2014,Emissions per Capita,8.255986927353614,tonnes
Scotland,Fife,S12000047,2014,Emissions per Km2,2.2031962934342992,kilotonnes
Scotland,Fife,S12000047,2015,Emissions per Capita,8.017121362731743,tonnes
Scotland,Fife,S12000047,2015,Emissions per Km2,2.1442877741545394,kilotonnes
Scotland,Fife,S12000047,2016,Emissions per Capita,7.873149613212956,tonnes
Scotland,Fife,S12000047,2016,Emissions per Km2,2.1186527971378566,kilotonnes
Scotland,Fife,S12000047,2017,Emissions per Capita,7.743862712495223,tonnes
Scotland,Fife,S12000047,2017,Emissions per Km2,2.089939089003388,kilotonnes
Scotland,Fife,S12000047,2018,Emissions per Capita,7.541866265463103,tonnes
Scotland,Fife,S12000047,2018,Emissions per Km2,2.0381637551484677,kilotonnes
Scotland,Glasgow City,S12000049,2005,Emissions per Capita,7.2262618553619715,tonnes
Scotland,Glasgow City,S12000049,2005,Emissions per Km2,23.32486352056409,kilotonnes
Scotland,Glasgow City,S12000049,2006,Emissions per Capita,7.24489180172438,tonnes
Scotland,Glasgow City,S12000049,2006,Emissions per Km2,23.353775470195632,kilotonnes
Scotland,Glasgow City,S12000049,2007,Emissions per Capita,7.0448942321684616,tonnes
Scotland,Glasgow City,S12000049,2007,Emissions per Km2,22.840113237972982,kilotonnes
Scotland,Glasgow City,S12000049,2008,Emissions per Capita,7.1148298669097185,tonnes
Scotland,Glasgow City,S12000049,2008,Emissions per Km2,23.24597571906232,kilotonnes
Scotland,Glasgow City,S12000049,2009,Emissions per Capita,6.129275826379638,tonnes
Scotland,Glasgow City,S12000049,2009,Emissions per Km2,20.214290568894643,kilotonnes
Scotland,Glasgow City,S12000049,2010,Emissions per Capita,6.385250398251715,tonnes
Scotland,Glasgow City,S12000049,2010,Emissions per Km2,21.235180442359066,kilotonnes
Scotland,Glasgow City,S12000049,2011,Emissions per Capita,5.857466987883842,tonnes
Scotland,Glasgow City,S12000049,2011,Emissions per Km2,19.697834729852477,kilotonnes
Scotland,Glasgow City,S12000049,2012,Emissions per Capita,6.215382458715825,tonnes
Scotland,Glasgow City,S12000049,2012,Emissions per Km2,20.972293185019755,kilotonnes
Scotland,Glasgow City,S12000049,2013,Emissions per Capita,5.92155039365413,tonnes
Scotland,Glasgow City,S12000049,2013,Emissions per Km2,20.029515546815066,kilotonnes
Scotland,Glasgow City,S12000049,2014,Emissions per Capita,5.122222314458725,tonnes
Scotland,Glasgow City,S12000049,2014,Emissions per Km2,17.416425470551474,kilotonnes
Scotland,Glasgow City,S12000049,2015,Emissions per Capita,4.805326343087134,tonnes
Scotland,Glasgow City,S12000049,2015,Emissions per Km2,16.521486238155077,kilotonnes
Scotland,Glasgow City,S12000049,2016,Emissions per Capita,4.423753543532149,tonnes
Scotland,Glasgow City,S12000049,2016,Emissions per Km2,15.428562877796082,kilotonnes
Scotland,Glasgow City,S12000049,2017,Emissions per Capita,4.1786805458567144,tonnes
Scotland,Glasgow City,S12000049,2017,Emissions per Km2,14.714813582011933,kilotonnes
Scotland,Glasgow City,S12000049,2018,Emissions per Capita,4.13728009947156,tonnes
Scotland,Glasgow City,S12000049,2018,Emissions per Km2,14.695474475818388,kilotonnes
Scotland,Highland,S12000017,2005,Emissions per Capita,4.814354489060902,tonnes
Scotland,Highland,S12000017,2005,Emissions per Km2,0.039654760840242026,kilotonnes
Scotland,Highland,S12000017,2006,Emissions per Capita,4.118863262808955,tonnes
Scotland,Highland,S12000017,2006,Emissions per Km2,0.03434933755267709,kilotonnes
Scotland,Highland,S12000017,2007,Emissions per Capita,4.224179104608224,tonnes
Scotland,Highland,S12000017,2007,Emissions per Km2,0.03574140367148852,kilotonnes
Scotland,Highland,S12000017,2008,Emissions per Capita,3.320582844600138,tonnes
Scotland,Highland,S12000017,2008,Emissions per Km2,0.02846971855183024,kilotonnes
Scotland,Highland,S12000017,2009,Emissions per Capita,2.393286122800207,tonnes
Scotland,Highland,S12000017,2009,Emissions per Km2,0.020679354945608398,kilotonnes
Scotland,Highland,S12000017,2010,Emissions per Capita,3.285126249081969,tonnes
Scotland,Highland,S12000017,2010,Emissions per Km2,0.028631057734229498,kilotonnes
Scotland,Highland,S12000017,2011,Emissions per Capita,2.434251067431808,tonnes
Scotland,Highland,S12000017,2011,Emissions per Km2,0.021399272095139293,kilotonnes
Scotland,Highland,S12000017,2012,Emissions per Capita,3.002815747105652,tonnes
Scotland,Highland,S12000017,2012,Emissions per Km2,0.02641561874634058,kilotonnes
Scotland,Highland,S12000017,2013,Emissions per Capita,2.8433029777089214,tonnes
Scotland,Highland,S12000017,2013,Emissions per Km2,0.025016688956669288,kilotonnes
Scotland,Highland,S12000017,2014,Emissions per Capita,2.6449764471632102,tonnes
Scotland,Highland,S12000017,2014,Emissions per Km2,0.023286707107155667,kilotonnes
Scotland,Highland,S12000017,2015,Emissions per Capita,1.8328004889897687,tonnes
Scotland,Highland,S12000017,2015,Emissions per Km2,0.016207514517493624,kilotonnes
Scotland,Highland,S12000017,2016,Emissions per Capita,1.3648095116078836,tonnes
Scotland,Highland,S12000017,2016,Emissions per Km2,0.012103079966586591,kilotonnes
Scotland,Highland,S12000017,2017,Emissions per Capita,0.919595341501483,tonnes
Scotland,Highland,S12000017,2017,Emissions per Km2,0.008169178973367799,kilotonnes
Scotland,Highland,S12000017,2018,Emissions per Capita,0.8072986155779607,tonnes
Scotland,Highland,S12000017,2018,Emissions per Km2,0.0071825745227388675,kilotonnes
Scotland,Inverclyde,S12000018,2005,Emissions per Capita,6.448076277336271,tonnes
Scotland,Inverclyde,S12000018,2005,Emissions per Km2,3.0705708727511856,kilotonnes
Scotland,Inverclyde,S12000018,2006,Emissions per Capita,6.570694289682595,tonnes
Scotland,Inverclyde,S12000018,2006,Emissions per Km2,3.1153375869140234,kilotonnes
Scotland,Inverclyde,S12000018,2007,Emissions per Capita,6.220989164927963,tonnes
Scotland,Inverclyde,S12000018,2007,Emissions per Km2,2.942008944189594,kilotonnes
Scotland,Inverclyde,S12000018,2008,Emissions per Capita,6.261346211962714,tonnes
Scotland,Inverclyde,S12000018,2008,Emissions per Km2,2.957127582544088,kilotonnes
Scotland,Inverclyde,S12000018,2009,Emissions per Capita,5.542530323132923,tonnes
Scotland,Inverclyde,S12000018,2009,Emissions per Km2,2.607108616978264,kilotonnes
Scotland,Inverclyde,S12000018,2010,Emissions per Capita,5.812253815647449,tonnes
Scotland,Inverclyde,S12000018,2010,Emissions per Km2,2.728625642051066,kilotonnes
Scotland,Inverclyde,S12000018,2011,Emissions per Capita,5.3574688652788875,tonnes
Scotland,Inverclyde,S12000018,2011,Emissions per Km2,2.506173495118788,kilotonnes
Scotland,Inverclyde,S12000018,2012,Emissions per Capita,5.590599401614841,tonnes
Scotland,Inverclyde,S12000018,2012,Emissions per Km2,2.5981641190239735,kilotonnes
Scotland,Inverclyde,S12000018,2013,Emissions per Capita,5.442476984556434,tonnes
Scotland,Inverclyde,S12000018,2013,Emissions per Km2,2.5183548247413174,kilotonnes
Scotland,Inverclyde,S12000018,2014,Emissions per Capita,4.69510097222237,tonnes
Scotland,Inverclyde,S12000018,2014,Emissions per Km2,2.160358616434443,kilotonnes
Scotland,Inverclyde,S12000018,2015,Emissions per Capita,4.551281525044203,tonnes
Scotland,Inverclyde,S12000018,2015,Emissions per Km2,2.0839597202530173,kilotonnes
Scotland,Inverclyde,S12000018,2016,Emissions per Capita,4.283679717239491,tonnes
Scotland,Inverclyde,S12000018,2016,Emissions per Km2,1.9530405893670553,kilotonnes
Scotland,Inverclyde,S12000018,2017,Emissions per Capita,4.17142889746119,tonnes
Scotland,Inverclyde,S12000018,2017,Emissions per Km2,1.892252311819939,kilotonnes
Scotland,Inverclyde,S12000018,2018,Emissions per Capita,4.087327521614659,tonnes
Scotland,Inverclyde,S12000018,2018,Emissions per Km2,1.8397419596070477,kilotonnes
Scotland,Midlothian,S12000019,2005,Emissions per Capita,6.6185807649665165,tonnes
Scotland,Midlothian,S12000019,2005,Emissions per Km2,1.491302821182025,kilotonnes
Scotland,Midlothian,S12000019,2006,Emissions per Capita,6.942877027190472,tonnes
Scotland,Midlothian,S12000019,2006,Emissions per Km2,1.5633963382236904,kilotonnes
Scotland,Midlothian,S12000019,2007,Emissions per Capita,6.506228970976525,tonnes
Scotland,Midlothian,S12000019,2007,Emissions per Km2,1.4718479315041677,kilotonnes
Scotland,Midlothian,S12000019,2008,Emissions per Capita,6.439288590030314,tonnes
Scotland,Midlothian,S12000019,2008,Emissions per Km2,1.4779108136483552,kilotonnes
Scotland,Midlothian,S12000019,2009,Emissions per Capita,5.935528094551124,tonnes
Scotland,Midlothian,S12000019,2009,Emissions per Km2,1.3683049469032482,kilotonnes
Scotland,Midlothian,S12000019,2010,Emissions per Capita,6.312893192983826,tonnes
Scotland,Midlothian,S12000019,2010,Emissions per Km2,1.4634719738964366,kilotonnes
Scotland,Midlothian,S12000019,2011,Emissions per Capita,5.4582884239656035,tonnes
Scotland,Midlothian,S12000019,2011,Emissions per Km2,1.2821016292608034,kilotonnes
Scotland,Midlothian,S12000019,2012,Emissions per Capita,5.772962862313934,tonnes
Scotland,Midlothian,S12000019,2012,Emissions per Km2,1.3688528112199418,kilotonnes
Scotland,Midlothian,S12000019,2013,Emissions per Capita,5.781264596480354,tonnes
Scotland,Midlothian,S12000019,2013,Emissions per Km2,1.3784694915518156,kilotonnes
Scotland,Midlothian,S12000019,2014,Emissions per Capita,5.106914640531728,tonnes
Scotland,Midlothian,S12000019,2014,Emissions per Km2,1.2393850345627087,kilotonnes
Scotland,Midlothian,S12000019,2015,Emissions per Capita,4.864831650642812,tonnes
Scotland,Midlothian,S12000019,2015,Emissions per Km2,1.1966556223892866,kilotonnes
Scotland,Midlothian,S12000019,2016,Emissions per Capita,4.691810420041248,tonnes
Scotland,Midlothian,S12000019,2016,Emissions per Km2,1.1702073521795442,kilotonnes
Scotland,Midlothian,S12000019,2017,Emissions per Capita,4.510314036044082,tonnes
Scotland,Midlothian,S12000019,2017,Emissions per Km2,1.1437286455772877,kilotonnes
Scotland,Midlothian,S12000019,2018,Emissions per Capita,4.3930827138043345,tonnes
Scotland,Midlothian,S12000019,2018,Emissions per Km2,1.1294578233235368,kilotonnes
Scotland,Moray,S12000020,2005,Emissions per Capita,7.551120385136608,tonnes
Scotland,Moray,S12000020,2005,Emissions per Km2,0.3014220860737205,kilotonnes
Scotland,Moray,S12000020,2006,Emissions per Capita,7.873583316867177,tonnes
Scotland,Moray,S12000020,2006,Emissions per Km2,0.3166660405854536,kilotonnes
Scotland,Moray,S12000020,2007,Emissions per Capita,7.789982480367249,tonnes
Scotland,Moray,S12000020,2007,Emissions per Km2,0.3155815350824072,kilotonnes
Scotland,Moray,S12000020,2008,Emissions per Capita,7.387512827887308,tonnes
Scotland,Moray,S12000020,2008,Emissions per Km2,0.3038263837307212,kilotonnes
Scotland,Moray,S12000020,2009,Emissions per Capita,6.374013681409717,tonnes
Scotland,Moray,S12000020,2009,Emissions per Km2,0.26310431629329245,kilotonnes
Scotland,Moray,S12000020,2010,Emissions per Capita,6.9316010612745655,tonnes
Scotland,Moray,S12000020,2010,Emissions per Km2,0.2877171068157765,kilotonnes
Scotland,Moray,S12000020,2011,Emissions per Capita,6.127041918643697,tonnes
Scotland,Moray,S12000020,2011,Emissions per Km2,0.2537242517016237,kilotonnes
Scotland,Moray,S12000020,2012,Emissions per Capita,7.28691292442985,tonnes
Scotland,Moray,S12000020,2012,Emissions per Km2,0.30001184592278785,kilotonnes
Scotland,Moray,S12000020,2013,Emissions per Capita,7.28928830725286,tonnes
Scotland,Moray,S12000020,2013,Emissions per Km2,0.3047277086824663,kilotonnes
Scotland,Moray,S12000020,2014,Emissions per Capita,6.489364170948466,tonnes
Scotland,Moray,S12000020,2014,Emissions per Km2,0.27246574733805723,kilotonnes
Scotland,Moray,S12000020,2015,Emissions per Capita,6.10861563085004,tonnes
Scotland,Moray,S12000020,2015,Emissions per Km2,0.2584821338266425,kilotonnes
Scotland,Moray,S12000020,2016,Emissions per Capita,5.809018803714365,tonnes
Scotland,Moray,S12000020,2016,Emissions per Km2,0.24724610521536472,kilotonnes
Scotland,Moray,S12000020,2017,Emissions per Capita,5.294033447616632,tonnes
Scotland,Moray,S12000020,2017,Emissions per Km2,0.224646884293883,kilotonnes
Scotland,Moray,S12000020,2018,Emissions per Capita,5.376471445523205,tonnes
Scotland,Moray,S12000020,2018,Emissions per Km2,0.22752574413915677,kilotonnes
Scotland,Na h-Eileanan Siar,S12000013,2005,Emissions per Capita,12.67879123763481,tonnes
Scotland,Na h-Eileanan Siar,S12000013,2005,Emissions per Km2,0.10446708926622675,kilotonnes
Scotland,Na h-Eileanan Siar,S12000013,2006,Emissions per Capita,12.665269774724274,tonnes
Scotland,Na h-Eileanan Siar,S12000013,2006,Emissions per Km2,0.10485943828293973,kilotonnes
Scotland,Na h-Eileanan Siar,S12000013,2007,Emissions per Capita,12.321838097553393,tonnes
Scotland,Na h-Eileanan Siar,S12000013,2007,Emissions per Km2,0.10258156718462444,kilotonnes
Scotland,Na h-Eileanan Siar,S12000013,2008,Emissions per Capita,11.805034591799435,tonnes
Scotland,Na h-Eileanan Siar,S12000013,2008,Emissions per Km2,0.09853191415749932,kilotonnes
Scotland,Na h-Eileanan Siar,S12000013,2009,Emissions per Capita,11.247725413264817,tonnes
Scotland,Na h-Eileanan Siar,S12000013,2009,Emissions per Km2,0.0943620670576947,kilotonnes
Scotland,Na h-Eileanan Siar,S12000013,2010,Emissions per Capita,11.539139219734745,tonnes
Scotland,Na h-Eileanan Siar,S12000013,2010,Emissions per Km2,0.09744235803494182,kilotonnes
Scotland,Na h-Eileanan Siar,S12000013,2011,Emissions per Capita,10.908336684367491,tonnes
Scotland,Na h-Eileanan Siar,S12000013,2011,Emissions per Km2,0.09241591749144254,kilotonnes
Scotland,Na h-Eileanan Siar,S12000013,2012,Emissions per Capita,10.789765536246662,tonnes
Scotland,Na h-Eileanan Siar,S12000013,2012,Emissions per Km2,0.0909822160118581,kilotonnes
Scotland,Na h-Eileanan Siar,S12000013,2013,Emissions per Capita,10.682084615773409,tonnes
Scotland,Na h-Eileanan Siar,S12000013,2013,Emissions per Km2,0.08955129415370812,kilotonnes
Scotland,Na h-Eileanan Siar,S12000013,2014,Emissions per Capita,10.106017638644214,tonnes
Scotland,Na h-Eileanan Siar,S12000013,2014,Emissions per Km2,0.08425813621593405,kilotonnes
Scotland,Na h-Eileanan Siar,S12000013,2015,Emissions per Capita,9.64401228988838,tonnes
Scotland,Na h-Eileanan Siar,S12000013,2015,Emissions per Km2,0.07987507900656925,kilotonnes
Scotland,Na h-Eileanan Siar,S12000013,2016,Emissions per Capita,9.373064912366718,tonnes
Scotland,Na h-Eileanan Siar,S12000013,2016,Emissions per Km2,0.07714347435244147,kilotonnes
Scotland,Na h-Eileanan Siar,S12000013,2017,Emissions per Capita,9.02472239182577,tonnes
Scotland,Na h-Eileanan Siar,S12000013,2017,Emissions per Km2,0.07441455874237302,kilotonnes
Scotland,Na h-Eileanan Siar,S12000013,2018,Emissions per Capita,8.719718393585241,tonnes
Scotland,Na h-Eileanan Siar,S12000013,2018,Emissions per Km2,0.07157946069755741,kilotonnes
Scotland,North Ayrshire,S12000021,2005,Emissions per Capita,10.444151866279887,tonnes
Scotland,North Ayrshire,S12000021,2005,Emissions per Km2,1.579529124086002,kilotonnes
Scotland,North Ayrshire,S12000021,2006,Emissions per Capita,10.272000707415636,tonnes
Scotland,North Ayrshire,S12000021,2006,Emissions per Km2,1.5546302234142066,kilotonnes
Scotland,North Ayrshire,S12000021,2007,Emissions per Capita,10.00865019448855,tonnes
Scotland,North Ayrshire,S12000021,2007,Emissions per Km2,1.5217495126263616,kilotonnes
Scotland,North Ayrshire,S12000021,2008,Emissions per Capita,9.96240374214117,tonnes
Scotland,North Ayrshire,S12000021,2008,Emissions per Km2,1.5201190900791361,kilotonnes
Scotland,North Ayrshire,S12000021,2009,Emissions per Capita,8.399128042143525,tonnes
Scotland,North Ayrshire,S12000021,2009,Emissions per Km2,1.280842337477601,kilotonnes
Scotland,North Ayrshire,S12000021,2010,Emissions per Capita,8.481814552771645,tonnes
Scotland,North Ayrshire,S12000021,2010,Emissions per Km2,1.2930764113130013,kilotonnes
Scotland,North Ayrshire,S12000021,2011,Emissions per Capita,7.520448839509503,tonnes
Scotland,North Ayrshire,S12000021,2011,Emissions per Km2,1.149009731961071,kilotonnes
Scotland,North Ayrshire,S12000021,2012,Emissions per Capita,7.855859160713726,tonnes
Scotland,North Ayrshire,S12000021,2012,Emissions per Km2,1.195735553234604,kilotonnes
Scotland,North Ayrshire,S12000021,2013,Emissions per Capita,7.671052995153437,tonnes
Scotland,North Ayrshire,S12000021,2013,Emissions per Km2,1.1622592812449544,kilotonnes
Scotland,North Ayrshire,S12000021,2014,Emissions per Capita,6.995050674402364,tonnes
Scotland,North Ayrshire,S12000021,2014,Emissions per Km2,1.0562764451427529,kilotonnes
Scotland,North Ayrshire,S12000021,2015,Emissions per Capita,6.754503130319416,tonnes
Scotland,North Ayrshire,S12000021,2015,Emissions per Km2,1.0173373005623598,kilotonnes
Scotland,North Ayrshire,S12000021,2016,Emissions per Capita,6.576061680433121,tonnes
Scotland,North Ayrshire,S12000021,2016,Emissions per Km2,0.9887149317935031,kilotonnes
Scotland,North Ayrshire,S12000021,2017,Emissions per Capita,6.23446366931516,tonnes
Scotland,North Ayrshire,S12000021,2017,Emissions per Km2,0.9366656701448698,kilotonnes
Scotland,North Ayrshire,S12000021,2018,Emissions per Capita,6.20468077084701,tonnes
Scotland,North Ayrshire,S12000021,2018,Emissions per Km2,0.9286899654767633,kilotonnes
Scotland,North Lanarkshire,S12000050,2005,Emissions per Capita,7.787596323495646,tonnes
Scotland,North Lanarkshire,S12000050,2005,Emissions per Km2,5.393997831649582,kilotonnes
Scotland,North Lanarkshire,S12000050,2006,Emissions per Capita,7.840526854480154,tonnes
Scotland,North Lanarkshire,S12000050,2006,Emissions per Km2,5.457220278291915,kilotonnes
Scotland,North Lanarkshire,S12000050,2007,Emissions per Capita,7.701319907942508,tonnes
Scotland,North Lanarkshire,S12000050,2007,Emissions per Km2,5.399951247844515,kilotonnes
Scotland,North Lanarkshire,S12000050,2008,Emissions per Capita,7.394596068508979,tonnes
Scotland,North Lanarkshire,S12000050,2008,Emissions per Km2,5.218076305693366,kilotonnes
Scotland,North Lanarkshire,S12000050,2009,Emissions per Capita,6.797637523532672,tonnes
Scotland,North Lanarkshire,S12000050,2009,Emissions per Km2,4.823739776318537,kilotonnes
Scotland,North Lanarkshire,S12000050,2010,Emissions per Capita,6.894833710395629,tonnes
Scotland,North Lanarkshire,S12000050,2010,Emissions per Km2,4.909062053074654,kilotonnes
Scotland,North Lanarkshire,S12000050,2011,Emissions per Capita,6.316411335826348,tonnes
Scotland,North Lanarkshire,S12000050,2011,Emissions per Km2,4.516488114108481,kilotonnes
Scotland,North Lanarkshire,S12000050,2012,Emissions per Capita,6.681920978073456,tonnes
Scotland,North Lanarkshire,S12000050,2012,Emissions per Km2,4.780247256047447,kilotonnes
Scotland,North Lanarkshire,S12000050,2013,Emissions per Capita,6.639429668396633,tonnes
Scotland,North Lanarkshire,S12000050,2013,Emissions per Km2,4.748302654746679,kilotonnes
Scotland,North Lanarkshire,S12000050,2014,Emissions per Capita,6.018088628356044,tonnes
Scotland,North Lanarkshire,S12000050,2014,Emissions per Km2,4.306743097654359,kilotonnes
Scotland,North Lanarkshire,S12000050,2015,Emissions per Capita,5.722078092435041,tonnes
Scotland,North Lanarkshire,S12000050,2015,Emissions per Km2,4.0980581054802405,kilotonnes
Scotland,North Lanarkshire,S12000050,2016,Emissions per Capita,5.443345690232905,tonnes
Scotland,North Lanarkshire,S12000050,2016,Emissions per Km2,3.9114577589297883,kilotonnes
Scotland,North Lanarkshire,S12000050,2017,Emissions per Capita,5.359116563441132,tonnes
Scotland,North Lanarkshire,S12000050,2017,Emissions per Km2,3.857400306086514,kilotonnes
Scotland,North Lanarkshire,S12000050,2018,Emissions per Capita,5.455668897359663,tonnes
Scotland,North Lanarkshire,S12000050,2018,Emissions per Km2,3.929438254532489,kilotonnes
Scotland,Orkney Islands,S12000023,2005,Emissions per Capita,13.36789913064441,tonnes
Scotland,Orkney Islands,S12000023,2005,Emissions per Km2,0.24693563081058567,kilotonnes
Scotland,Orkney Islands,S12000023,2006,Emissions per Capita,13.366454391048014,tonnes
Scotland,Orkney Islands,S12000023,2006,Emissions per Km2,0.25023058814566845,kilotonnes
Scotland,Orkney Islands,S12000023,2007,Emissions per Capita,13.2308032965218,tonnes
Scotland,Orkney Islands,S12000023,2007,Emissions per Km2,0.2506137012276187,kilotonnes
Scotland,Orkney Islands,S12000023,2008,Emissions per Capita,12.264265597132725,tonnes
Scotland,Orkney Islands,S12000023,2008,Emissions per Km2,0.23411191984605584,kilotonnes
Scotland,Orkney Islands,S12000023,2009,Emissions per Capita,11.505513223582536,tonnes
Scotland,Orkney Islands,S12000023,2009,Emissions per Km2,0.22174605413954812,kilotonnes
Scotland,Orkney Islands,S12000023,2010,Emissions per Capita,12.033994592126183,tonnes
Scotland,Orkney Islands,S12000023,2010,Emissions per Km2,0.23503276989177632,kilotonnes
Scotland,Orkney Islands,S12000023,2011,Emissions per Capita,11.161912490220658,tonnes
Scotland,Orkney Islands,S12000023,2011,Emissions per Km2,0.2200550335460421,kilotonnes
Scotland,Orkney Islands,S12000023,2012,Emissions per Capita,10.969283405860498,tonnes
Scotland,Orkney Islands,S12000023,2012,Emissions per Km2,0.21736795237093776,kilotonnes
Scotland,Orkney Islands,S12000023,2013,Emissions per Capita,10.707232853218452,tonnes
Scotland,Orkney Islands,S12000023,2013,Emissions per Km2,0.2124707893228078,kilotonnes
Scotland,Orkney Islands,S12000023,2014,Emissions per Capita,10.39709600189441,tonnes
Scotland,Orkney Islands,S12000023,2014,Emissions per Km2,0.20650792441741556,kilotonnes
Scotland,Orkney Islands,S12000023,2015,Emissions per Capita,9.769901886081728,tonnes
Scotland,Orkney Islands,S12000023,2015,Emissions per Km2,0.1948598397001425,kilotonnes
Scotland,Orkney Islands,S12000023,2016,Emissions per Capita,9.221049429378937,tonnes
Scotland,Orkney Islands,S12000023,2016,Emissions per Km2,0.1854406831964892,kilotonnes
Scotland,Orkney Islands,S12000023,2017,Emissions per Capita,8.99818124420421,tonnes
Scotland,Orkney Islands,S12000023,2017,Emissions per Km2,0.18220095320712962,kilotonnes
Scotland,Orkney Islands,S12000023,2018,Emissions per Capita,8.669017167640883,tonnes
Scotland,Orkney Islands,S12000023,2018,Emissions per Km2,0.1770518188066364,kilotonnes
Scotland,Perth and Kinross,S12000048,2005,Emissions per Capita,9.561052047783097,tonnes
Scotland,Perth and Kinross,S12000048,2005,Emissions per Km2,0.24358965952076725,kilotonnes
Scotland,Perth and Kinross,S12000048,2006,Emissions per Capita,9.447125605927909,tonnes
Scotland,Perth and Kinross,S12000048,2006,Emissions per Km2,0.24300578059256567,kilotonnes
Scotland,Perth and Kinross,S12000048,2007,Emissions per Capita,9.381469764422958,tonnes
Scotland,Perth and Kinross,S12000048,2007,Emissions per Km2,0.24434659601157677,kilotonnes
Scotland,Perth and Kinross,S12000048,2008,Emissions per Capita,8.719106026716826,tonnes
Scotland,Perth and Kinross,S12000048,2008,Emissions per Km2,0.23029681252575665,kilotonnes
Scotland,Perth and Kinross,S12000048,2009,Emissions per Capita,8.0182538916811,tonnes
Scotland,Perth and Kinross,S12000048,2009,Emissions per Km2,0.21362007201623856,kilotonnes
Scotland,Perth and Kinross,S12000048,2010,Emissions per Capita,8.205335243166909,tonnes
Scotland,Perth and Kinross,S12000048,2010,Emissions per Km2,0.2204667000012829,kilotonnes
Scotland,Perth and Kinross,S12000048,2011,Emissions per Capita,7.340921177178566,tonnes
Scotland,Perth and Kinross,S12000048,2011,Emissions per Km2,0.19893436348511642,kilotonnes
Scotland,Perth and Kinross,S12000048,2012,Emissions per Capita,7.674608668122398,tonnes
Scotland,Perth and Kinross,S12000048,2012,Emissions per Km2,0.2092375525581416,kilotonnes
Scotland,Perth and Kinross,S12000048,2013,Emissions per Capita,7.471520387268996,tonnes
Scotland,Perth and Kinross,S12000048,2013,Emissions per Km2,0.20374199581242067,kilotonnes
Scotland,Perth and Kinross,S12000048,2014,Emissions per Capita,7.170447011743721,tonnes
Scotland,Perth and Kinross,S12000048,2014,Emissions per Km2,0.1970669146840297,kilotonnes
Scotland,Perth and Kinross,S12000048,2015,Emissions per Capita,6.514424464758306,tonnes
Scotland,Perth and Kinross,S12000048,2015,Emissions per Km2,0.18023946545332076,kilotonnes
Scotland,Perth and Kinross,S12000048,2016,Emissions per Capita,6.224994744465498,tonnes
Scotland,Perth and Kinross,S12000048,2016,Emissions per Km2,0.17309315644330017,kilotonnes
Scotland,Perth and Kinross,S12000048,2017,Emissions per Capita,6.188813848701452,tonnes
Scotland,Perth and Kinross,S12000048,2017,Emissions per Km2,0.1725667743116375,kilotonnes
Scotland,Perth and Kinross,S12000048,2018,Emissions per Capita,5.951215302426969,tonnes
Scotland,Perth and Kinross,S12000048,2018,Emissions per Km2,0.1661503200677136,kilotonnes
Scotland,Renfrewshire,S12000038,2005,Emissions per Capita,7.82213918586622,tonnes
Scotland,Renfrewshire,S12000038,2005,Emissions per Km2,4.980503694785896,kilotonnes
Scotland,Renfrewshire,S12000038,2006,Emissions per Capita,7.918977794683904,tonnes
Scotland,Renfrewshire,S12000038,2006,Emissions per Km2,5.037456685977265,kilotonnes
Scotland,Renfrewshire,S12000038,2007,Emissions per Capita,7.773745839233942,tonnes
Scotland,Renfrewshire,S12000038,2007,Emissions per Km2,4.962106108165865,kilotonnes
Scotland,Renfrewshire,S12000038,2008,Emissions per Capita,7.4433723892697135,tonnes
Scotland,Renfrewshire,S12000038,2008,Emissions per Km2,4.772787257167213,kilotonnes
Scotland,Renfrewshire,S12000038,2009,Emissions per Capita,6.884089764021473,tonnes
Scotland,Renfrewshire,S12000038,2009,Emissions per Km2,4.423884037053213,kilotonnes
Scotland,Renfrewshire,S12000038,2010,Emissions per Capita,7.149494264001674,tonnes
Scotland,Renfrewshire,S12000038,2010,Emissions per Km2,4.612496424773501,kilotonnes
Scotland,Renfrewshire,S12000038,2011,Emissions per Capita,6.493587954588688,tonnes
Scotland,Renfrewshire,S12000038,2011,Emissions per Km2,4.213456691812698,kilotonnes
Scotland,Renfrewshire,S12000038,2012,Emissions per Capita,6.791759004637229,tonnes
Scotland,Renfrewshire,S12000038,2012,Emissions per Km2,4.396838930173632,kilotonnes
Scotland,Renfrewshire,S12000038,2013,Emissions per Capita,6.606858072461492,tonnes
Scotland,Renfrewshire,S12000038,2013,Emissions per Km2,4.26707707006184,kilotonnes
Scotland,Renfrewshire,S12000038,2014,Emissions per Capita,5.57541989258588,tonnes
Scotland,Renfrewshire,S12000038,2014,Emissions per Km2,3.607957548181925,kilotonnes
Scotland,Renfrewshire,S12000038,2015,Emissions per Capita,5.4108093849426755,tonnes
Scotland,Renfrewshire,S12000038,2015,Emissions per Km2,3.508066924140808,kilotonnes
Scotland,Renfrewshire,S12000038,2016,Emissions per Capita,5.28365489452306,tonnes
Scotland,Renfrewshire,S12000038,2016,Emissions per Km2,3.4525124102925466,kilotonnes
Scotland,Renfrewshire,S12000038,2017,Emissions per Capita,5.073437444135615,tonnes
Scotland,Renfrewshire,S12000038,2017,Emissions per Km2,3.332108686967414,kilotonnes
Scotland,Renfrewshire,S12000038,2018,Emissions per Capita,5.07015246667063,tonnes
Scotland,Renfrewshire,S12000038,2018,Emissions per Km2,3.3480293101254057,kilotonnes
Scotland,Scottish Borders,S12000026,2005,Emissions per Capita,7.618904273177547,tonnes
Scotland,Scottish Borders,S12000026,2005,Emissions per Km2,0.1771115298860929,kilotonnes
Scotland,Scottish Borders,S12000026,2006,Emissions per Capita,7.367100946332395,tonnes
Scotland,Scottish Borders,S12000026,2006,Emissions per Km2,0.17220557783416135,kilotonnes
Scotland,Scottish Borders,S12000026,2007,Emissions per Capita,7.372305606023977,tonnes
Scotland,Scottish Borders,S12000026,2007,Emissions per Km2,0.1744102104600853,kilotonnes
Scotland,Scottish Borders,S12000026,2008,Emissions per Capita,6.6147255570034025,tonnes
Scotland,Scottish Borders,S12000026,2008,Emissions per Km2,0.15810564883434297,kilotonnes
Scotland,Scottish Borders,S12000026,2009,Emissions per Capita,6.060436045951285,tonnes
Scotland,Scottish Borders,S12000026,2009,Emissions per Km2,0.1451508861456341,kilotonnes
Scotland,Scottish Borders,S12000026,2010,Emissions per Capita,6.570725203130733,tonnes
Scotland,Scottish Borders,S12000026,2010,Emissions per Km2,0.1575111457631981,kilotonnes
Scotland,Scottish Borders,S12000026,2011,Emissions per Capita,5.6448438421223335,tonnes
Scotland,Scottish Borders,S12000026,2011,Emissions per Km2,0.13554238089624163,kilotonnes
Scotland,Scottish Borders,S12000026,2012,Emissions per Capita,6.2548314724088625,tonnes
Scotland,Scottish Borders,S12000026,2012,Emissions per Km2,0.14997821593513702,kilotonnes
Scotland,Scottish Borders,S12000026,2013,Emissions per Capita,6.083344751976649,tonnes
Scotland,Scottish Borders,S12000026,2013,Emissions per Km2,0.14607153971961057,kilotonnes
Scotland,Scottish Borders,S12000026,2014,Emissions per Capita,5.503422453514968,tonnes
Scotland,Scottish Borders,S12000026,2014,Emissions per Km2,0.13233227519829943,kilotonnes
Scotland,Scottish Borders,S12000026,2015,Emissions per Capita,5.095235730482913,tonnes
Scotland,Scottish Borders,S12000026,2015,Emissions per Km2,0.1225064979746635,kilotonnes
Scotland,Scottish Borders,S12000026,2016,Emissions per Capita,4.889380787061398,tonnes
Scotland,Scottish Borders,S12000026,2016,Emissions per Km2,0.11807252253568226,kilotonnes
Scotland,Scottish Borders,S12000026,2017,Emissions per Capita,4.563929074345556,tonnes
Scotland,Scottish Borders,S12000026,2017,Emissions per Km2,0.11068479608728513,kilotonnes
Scotland,Scottish Borders,S12000026,2018,Emissions per Capita,4.43006833272335,tonnes
Scotland,Scottish Borders,S12000026,2018,Emissions per Km2,0.10767191510990513,kilotonnes
Scotland,Shetland Islands,S12000027,2005,Emissions per Capita,15.636107172315056,tonnes
Scotland,Shetland Islands,S12000027,2005,Emissions per Km2,0.20992300720743326,kilotonnes
Scotland,Shetland Islands,S12000027,2006,Emissions per Capita,15.491878298936868,tonnes
Scotland,Shetland Islands,S12000027,2006,Emissions per Km2,0.20761274971446636,kilotonnes
Scotland,Shetland Islands,S12000027,2007,Emissions per Capita,15.132336273618492,tonnes
Scotland,Shetland Islands,S12000027,2007,Emissions per Km2,0.20407269342498663,kilotonnes
Scotland,Shetland Islands,S12000027,2008,Emissions per Capita,14.297404580536044,tonnes
Scotland,Shetland Islands,S12000027,2008,Emissions per Km2,0.19393442149333054,kilotonnes
Scotland,Shetland Islands,S12000027,2009,Emissions per Capita,13.368571532212556,tonnes
Scotland,Shetland Islands,S12000027,2009,Emissions per Km2,0.18383606471088237,kilotonnes
Scotland,Shetland Islands,S12000027,2010,Emissions per Capita,13.489794956371412,tonnes
Scotland,Shetland Islands,S12000027,2010,Emissions per Km2,0.1877007624577591,kilotonnes
Scotland,Shetland Islands,S12000027,2011,Emissions per Capita,12.763110221749171,tonnes
Scotland,Shetland Islands,S12000027,2011,Emissions per Km2,0.17897568317142895,kilotonnes
Scotland,Shetland Islands,S12000027,2012,Emissions per Capita,12.54272196803518,tonnes
Scotland,Shetland Islands,S12000027,2012,Emissions per Km2,0.17565815675882543,kilotonnes
Scotland,Shetland Islands,S12000027,2013,Emissions per Capita,12.170057946501853,tonnes
Scotland,Shetland Islands,S12000027,2013,Emissions per Km2,0.17036564283413638,kilotonnes
Scotland,Shetland Islands,S12000027,2014,Emissions per Capita,11.80594023269504,tonnes
Scotland,Shetland Islands,S12000027,2014,Emissions per Km2,0.1654109214674622,kilotonnes
Scotland,Shetland Islands,S12000027,2015,Emissions per Capita,11.275518884495355,tonnes
Scotland,Shetland Islands,S12000027,2015,Emissions per Km2,0.15784321089429604,kilotonnes
Scotland,Shetland Islands,S12000027,2016,Emissions per Capita,10.602082941349963,tonnes
Scotland,Shetland Islands,S12000027,2016,Emissions per Km2,0.14841594704182148,kilotonnes
Scotland,Shetland Islands,S12000027,2017,Emissions per Capita,10.409529467226447,tonnes
Scotland,Shetland Islands,S12000027,2017,Emissions per Km2,0.14496671199180688,kilotonnes
Scotland,Shetland Islands,S12000027,2018,Emissions per Capita,10.022568195092243,tonnes
Scotland,Shetland Islands,S12000027,2018,Emissions per Km2,0.13903347464341234,kilotonnes
Scotland,South Ayrshire,S12000028,2005,Emissions per Capita,6.386029801561627,tonnes
Scotland,South Ayrshire,S12000028,2005,Emissions per Km2,0.5794407033670438,kilotonnes
Scotland,South Ayrshire,S12000028,2006,Emissions per Capita,6.5492857174249854,tonnes
Scotland,South Ayrshire,S12000028,2006,Emissions per Km2,0.5946251477387318,kilotonnes
Scotland,South Ayrshire,S12000028,2007,Emissions per Capita,6.637332549905973,tonnes
Scotland,South Ayrshire,S12000028,2007,Emissions per Km2,0.6041243318912387,kilotonnes
Scotland,South Ayrshire,S12000028,2008,Emissions per Capita,6.357971745686939,tonnes
Scotland,South Ayrshire,S12000028,2008,Emissions per Km2,0.5798815279341273,kilotonnes
Scotland,South Ayrshire,S12000028,2009,Emissions per Capita,5.692285133742302,tonnes
Scotland,South Ayrshire,S12000028,2009,Emissions per Km2,0.5186140587359961,kilotonnes
Scotland,South Ayrshire,S12000028,2010,Emissions per Capita,5.994006255275894,tonnes
Scotland,South Ayrshire,S12000028,2010,Emissions per Km2,0.5466373531328714,kilotonnes
Scotland,South Ayrshire,S12000028,2011,Emissions per Capita,5.328833495860062,tonnes
Scotland,South Ayrshire,S12000028,2011,Emissions per Km2,0.48761543395897705,kilotonnes
Scotland,South Ayrshire,S12000028,2012,Emissions per Capita,5.597764998087211,tonnes
Scotland,South Ayrshire,S12000028,2012,Emissions per Km2,0.5119520120503647,kilotonnes
Scotland,South Ayrshire,S12000028,2013,Emissions per Capita,5.659034331988787,tonnes
Scotland,South Ayrshire,S12000028,2013,Emissions per Km2,0.5173263219798389,kilotonnes
Scotland,South Ayrshire,S12000028,2014,Emissions per Capita,5.011898249242719,tonnes
Scotland,South Ayrshire,S12000028,2014,Emissions per Km2,0.45678757978837486,kilotonnes
Scotland,South Ayrshire,S12000028,2015,Emissions per Capita,4.887541445785202,tonnes
Scotland,South Ayrshire,S12000028,2015,Emissions per Km2,0.4449390128045235,kilotonnes
Scotland,South Ayrshire,S12000028,2016,Emissions per Capita,4.576911039933176,tonnes
Scotland,South Ayrshire,S12000028,2016,Emissions per Km2,0.41692015338749383,kilotonnes
Scotland,South Ayrshire,S12000028,2017,Emissions per Capita,4.30894704432938,tonnes
Scotland,South Ayrshire,S12000028,2017,Emissions per Km2,0.3932436491752468,kilotonnes
Scotland,South Ayrshire,S12000028,2018,Emissions per Capita,3.966482808939287,tonnes
Scotland,South Ayrshire,S12000028,2018,Emissions per Km2,0.36157200555163077,kilotonnes
Scotland,South Lanarkshire,S12000029,2005,Emissions per Capita,7.580091461445424,tonnes
Scotland,South Lanarkshire,S12000029,2005,Emissions per Km2,1.3111170777463295,kilotonnes
Scotland,South Lanarkshire,S12000029,2006,Emissions per Capita,7.631905038113298,tonnes
Scotland,South Lanarkshire,S12000029,2006,Emissions per Km2,1.3269624492937897,kilotonnes
Scotland,South Lanarkshire,S12000029,2007,Emissions per Capita,7.390200713725014,tonnes
Scotland,South Lanarkshire,S12000029,2007,Emissions per Km2,1.2929771898742484,kilotonnes
Scotland,South Lanarkshire,S12000029,2008,Emissions per Capita,7.206904864895856,tonnes
Scotland,South Lanarkshire,S12000029,2008,Emissions per Km2,1.2647267715105386,kilotonnes
Scotland,South Lanarkshire,S12000029,2009,Emissions per Capita,6.427498965191641,tonnes
Scotland,South Lanarkshire,S12000029,2009,Emissions per Km2,1.1310661167263318,kilotonnes
Scotland,South Lanarkshire,S12000029,2010,Emissions per Capita,6.6530249548975915,tonnes
Scotland,South Lanarkshire,S12000029,2010,Emissions per Km2,1.1745028447075012,kilotonnes
Scotland,South Lanarkshire,S12000029,2011,Emissions per Capita,6.0749021294493755,tonnes
Scotland,South Lanarkshire,S12000029,2011,Emissions per Km2,1.0749085121101953,kilotonnes
Scotland,South Lanarkshire,S12000029,2012,Emissions per Capita,6.327487161698923,tonnes
Scotland,South Lanarkshire,S12000029,2012,Emissions per Km2,1.1211352458327597,kilotonnes
Scotland,South Lanarkshire,S12000029,2013,Emissions per Capita,6.167636411012183,tonnes
Scotland,South Lanarkshire,S12000029,2013,Emissions per Km2,1.0944808918707825,kilotonnes
Scotland,South Lanarkshire,S12000029,2014,Emissions per Capita,5.507273964119225,tonnes
Scotland,South Lanarkshire,S12000029,2014,Emissions per Km2,0.9788171112646556,kilotonnes
Scotland,South Lanarkshire,S12000029,2015,Emissions per Capita,5.31650130224622,tonnes
Scotland,South Lanarkshire,S12000029,2015,Emissions per Km2,0.9476978457596256,kilotonnes
Scotland,South Lanarkshire,S12000029,2016,Emissions per Capita,5.076262475199205,tonnes
Scotland,South Lanarkshire,S12000029,2016,Emissions per Km2,0.9073633066220973,kilotonnes
Scotland,South Lanarkshire,S12000029,2017,Emissions per Capita,5.00702156073637,tonnes
Scotland,South Lanarkshire,S12000029,2017,Emissions per Km2,0.8980067275246869,kilotonnes
Scotland,South Lanarkshire,S12000029,2018,Emissions per Capita,4.9184754979728975,tonnes
Scotland,South Lanarkshire,S12000029,2018,Emissions per Km2,0.8844826611903633,kilotonnes
Scotland,Stirling,S12000030,2005,Emissions per Capita,9.31393791975492,tonnes
Scotland,Stirling,S12000030,2005,Emissions per Km2,0.361476917131718,kilotonnes
Scotland,Stirling,S12000030,2006,Emissions per Capita,9.20767405134561,tonnes
Scotland,Stirling,S12000030,2006,Emissions per Km2,0.359721250086608,kilotonnes
Scotland,Stirling,S12000030,2007,Emissions per Capita,9.15552214320253,tonnes
Scotland,Stirling,S12000030,2007,Emissions per Km2,0.35906435112319296,kilotonnes
Scotland,Stirling,S12000030,2008,Emissions per Capita,8.3447858028224,tonnes
Scotland,Stirling,S12000030,2008,Emissions per Km2,0.32767571681207347,kilotonnes
Scotland,Stirling,S12000030,2009,Emissions per Capita,7.5163667352456915,tonnes
Scotland,Stirling,S12000030,2009,Emissions per Km2,0.2956461063544441,kilotonnes
Scotland,Stirling,S12000030,2010,Emissions per Capita,8.181869059956172,tonnes
Scotland,Stirling,S12000030,2010,Emissions per Km2,0.3249433564097856,kilotonnes
Scotland,Stirling,S12000030,2011,Emissions per Capita,7.08350679356707,tonnes
Scotland,Stirling,S12000030,2011,Emissions per Km2,0.2837722162200589,kilotonnes
Scotland,Stirling,S12000030,2012,Emissions per Capita,7.536462656994011,tonnes
Scotland,Stirling,S12000030,2012,Emissions per Km2,0.30419089657962056,kilotonnes
Scotland,Stirling,S12000030,2013,Emissions per Capita,7.215683692039213,tonnes
Scotland,Stirling,S12000030,2013,Emissions per Km2,0.29194746526817233,kilotonnes
Scotland,Stirling,S12000030,2014,Emissions per Capita,6.319730199030052,tonnes
Scotland,Stirling,S12000030,2014,Emissions per Km2,0.256509879275657,kilotonnes
Scotland,Stirling,S12000030,2015,Emissions per Capita,6.063792712009625,tonnes
Scotland,Stirling,S12000030,2015,Emissions per Km2,0.24964463896283587,kilotonnes
Scotland,Stirling,S12000030,2016,Emissions per Capita,6.014298455783102,tonnes
Scotland,Stirling,S12000030,2016,Emissions per Km2,0.2500609053850709,kilotonnes
Scotland,Stirling,S12000030,2017,Emissions per Capita,5.563159852175048,tonnes
Scotland,Stirling,S12000030,2017,Emissions per Km2,0.23192039378547666,kilotonnes
Scotland,Stirling,S12000030,2018,Emissions per Capita,5.485419949858596,tonnes
Scotland,Stirling,S12000030,2018,Emissions per Km2,0.22948233652329292,kilotonnes
Scotland,West Dunbartonshire,S12000039,2005,Emissions per Capita,6.562531858928574,tonnes
Scotland,West Dunbartonshire,S12000039,2005,Emissions per Km2,3.2862385508922203,kilotonnes
Scotland,West Dunbartonshire,S12000039,2006,Emissions per Capita,6.678264677510317,tonnes
Scotland,West Dunbartonshire,S12000039,2006,Emissions per Km2,3.3401736311253964,kilotonnes
Scotland,West Dunbartonshire,S12000039,2007,Emissions per Capita,6.5453520337576405,tonnes
Scotland,West Dunbartonshire,S12000039,2007,Emissions per Km2,3.2719061144878636,kilotonnes
Scotland,West Dunbartonshire,S12000039,2008,Emissions per Capita,6.2786266310875405,tonnes
Scotland,West Dunbartonshire,S12000039,2008,Emissions per Km2,3.1323917568311774,kilotonnes
Scotland,West Dunbartonshire,S12000039,2009,Emissions per Capita,5.795933346936716,tonnes
Scotland,West Dunbartonshire,S12000039,2009,Emissions per Km2,2.8880892054457794,kilotonnes
Scotland,West Dunbartonshire,S12000039,2010,Emissions per Capita,6.066370365209892,tonnes
Scotland,West Dunbartonshire,S12000039,2010,Emissions per Km2,3.0135539364221966,kilotonnes
Scotland,West Dunbartonshire,S12000039,2011,Emissions per Capita,5.587007600785216,tonnes
Scotland,West Dunbartonshire,S12000039,2011,Emissions per Km2,2.7696162045001365,kilotonnes
Scotland,West Dunbartonshire,S12000039,2012,Emissions per Capita,5.556343279278882,tonnes
Scotland,West Dunbartonshire,S12000039,2012,Emissions per Km2,2.7462075348913975,kilotonnes
Scotland,West Dunbartonshire,S12000039,2013,Emissions per Capita,5.498545944533169,tonnes
Scotland,West Dunbartonshire,S12000039,2013,Emissions per Km2,2.7013968794640566,kilotonnes
Scotland,West Dunbartonshire,S12000039,2014,Emissions per Capita,4.891820214124123,tonnes
Scotland,West Dunbartonshire,S12000039,2014,Emissions per Km2,2.400908133738232,kilotonnes
Scotland,West Dunbartonshire,S12000039,2015,Emissions per Capita,4.743725195490655,tonnes
Scotland,West Dunbartonshire,S12000039,2015,Emissions per Km2,2.325108682229791,kilotonnes
Scotland,West Dunbartonshire,S12000039,2016,Emissions per Capita,4.440496725447508,tonnes
Scotland,West Dunbartonshire,S12000039,2016,Emissions per Km2,2.1830423822166884,kilotonnes
Scotland,West Dunbartonshire,S12000039,2017,Emissions per Capita,4.217861069495072,tonnes
Scotland,West Dunbartonshire,S12000039,2017,Emissions per Km2,2.0678210251361087,kilotonnes
Scotland,West Dunbartonshire,S12000039,2018,Emissions per Capita,4.132106186261712,tonnes
Scotland,West Dunbartonshire,S12000039,2018,Emissions per Km2,2.014928217512059,kilotonnes
Scotland,West Lothian,S12000040,2005,Emissions per Capita,8.987028638031582,tonnes
Scotland,West Lothian,S12000040,2005,Emissions per Km2,3.4360083569010103,kilotonnes
Scotland,West Lothian,S12000040,2006,Emissions per Capita,8.812386341354372,tonnes
Scotland,West Lothian,S12000040,2006,Emissions per Km2,3.4121160170785125,kilotonnes
Scotland,West Lothian,S12000040,2007,Emissions per Capita,8.578825415504282,tonnes
Scotland,West Lothian,S12000040,2007,Emissions per Km2,3.3685925259887624,kilotonnes
Scotland,West Lothian,S12000040,2008,Emissions per Capita,8.369090794185627,tonnes
Scotland,West Lothian,S12000040,2008,Emissions per Km2,3.323274685900472,kilotonnes
Scotland,West Lothian,S12000040,2009,Emissions per Capita,7.530154400462346,tonnes
Scotland,West Lothian,S12000040,2009,Emissions per Km2,3.0191049425891476,kilotonnes
Scotland,West Lothian,S12000040,2010,Emissions per Capita,8.021956916580457,tonnes
Scotland,West Lothian,S12000040,2010,Emissions per Km2,3.235802245106921,kilotonnes
Scotland,West Lothian,S12000040,2011,Emissions per Capita,7.210859113577503,tonnes
Scotland,West Lothian,S12000040,2011,Emissions per Km2,2.9288474235552218,kilotonnes
Scotland,West Lothian,S12000040,2012,Emissions per Capita,7.494831929791624,tonnes
Scotland,West Lothian,S12000040,2012,Emissions per Km2,3.0565187394231406,kilotonnes
Scotland,West Lothian,S12000040,2013,Emissions per Capita,7.227008772895117,tonnes
Scotland,West Lothian,S12000040,2013,Emissions per Km2,2.9498077007971517,kilotonnes
Scotland,West Lothian,S12000040,2014,Emissions per Capita,6.423773737568189,tonnes
Scotland,West Lothian,S12000040,2014,Emissions per Km2,2.63743505722801,kilotonnes
Scotland,West Lothian,S12000040,2015,Emissions per Capita,6.210433527618765,tonnes
Scotland,West Lothian,S12000040,2015,Emissions per Km2,2.569269100166943,kilotonnes
Scotland,West Lothian,S12000040,2016,Emissions per Capita,5.950389615914889,tonnes
Scotland,West Lothian,S12000040,2016,Emissions per Km2,2.4834720330339515,kilotonnes
Scotland,West Lothian,S12000040,2017,Emissions per Capita,6.0173719789697415,tonnes
Scotland,West Lothian,S12000040,2017,Emissions per Km2,2.5278799119605986,kilotonnes
Scotland,West Lothian,S12000040,2018,Emissions per Capita,5.799634886682376,tonnes
Scotland,West Lothian,S12000040,2018,Emissions per Km2,2.447562594615845,kilotonnes
